{
     "version" : 2,
     "builds" : [
          {
               "src" : "resume_bulider/wsgi.py",
               "use" : "@vercel/python",
               "config" : { "maxLambdaSize" : "15mb", "runtime": "python3.10" }
          },
          {
               "src" : "build_files.sh",
               "use" : "@vercel/static-build",
               "config" : { "distDir" : "staticfiles_build" }
          }
     ],
     "routes":[
          {
               "src" : "/static/(.*)",
               "dest" : "/static/$1"
          },
          {
               "src" : "/media/(.*)",
               "dest" : "/media/$1"
          },
          {
               "src" : "/(.*)",
               "dest" : "/resume_bulider/wsgi.py"
          }
     ]
}